  חדרה  ישראל,  412 ,  126 ,"  60,980 ",  358 ,"  61,464 ","  4,536,164 ","  1,391,449,649 ","  30,565,092 ","  1,426,550,906 ",34.9196518,32.4340458,"  35,934 ","  22,818 ","  85,477 "
  אשקלון  ישראל,  198 ,  35 ,"  23,041 ",  111 ,"  23,188 ","  1,274,192 ","  525,753,531 ","  9,486,398 ","  536,514,121 ",34.5742523,31.6687885,"  35,934 ","  22,818 ","  85,477 "
  רמלה  ישראל,  360 ,"  6,590 ",  -   ,  104 ,"  6,694 ","  236,809,545 ",  -   ,"  8,866,784 ","  245,676,329 ",34.872938,31.931566,"  35,934 ","  22,818 ","  85,477 "
  אשדוד  ישראל,  355 ,"  1,437 ","  2,264 ",  172 ,"  3,873 ","  51,636,815 ","  51,655,502 ","  14,679,474 ","  117,971,791 ",34.655314,31.804381,"  35,934 ","  22,818 ","  85,477 "
  חיפה  ישראל,  266 ,"  1,446 ",  532 ,  968 ,"  2,946 ","  51,946,490 ","  12,149,056 ","  82,735,536 ","  146,831,082 ",34.989571,32.7940463,"  35,934 ","  22,818 ","  85,477 "
  תל אביב -יפו  ישראל,  40 ,  27 ,  826 ,"  1,264 ","  2,117 ","  966,825 ","  18,837,035 ","  108,071,420 ","  127,875,280 ",34.78176759999999,32.0852999,"  35,934 ","  22,818 ","  85,477 "
  תמר  ישראל,  421 ,"  1,772 ",  -   ,  232 ,"  2,004 ","  63,665,094 ",  -   ,"  19,824,303 ","  83,489,397 ",34.969885,32.8129034,"  35,934 ","  22,818 ","  85,477 "
  ללא שיפוט  ישראל
  חוף הכרמל  ישראל,  293 ,  53 ,  851 ,  628 ,"  1,533 ","  1,912,592 ","  19,418,620 ","  53,717,607 ","  75,048,819 ",34.9396367,32.6476537,"  35,934 ","  22,818 ","  85,477 "
  בית שמש  ישראל,  340 ,"  1,355 ",  -   ,  51 ,"  1,407 ","  48,696,638 ",  -   ,"  4,387,954 ","  53,084,593 ",34.988099,31.747041,"  35,934 ","  22,818 ","  85,477 "
  מטה אשר  ישראל,  53 ,"  1,042 ",  -   ,  296 ,"  1,337 ","  37,438,721 ",  -   ,"  25,258,999 ","  62,697,721 ",35.148879,33.0059802,"  35,934 ","  22,818 ","  85,477 "
  עמק יזרעאל  ישראל,  169 ,  315 ,  443 ,  541 ,"  1,298 ","  11,319,767 ","  10,104,951 ","  46,204,179 ","  67,628,898 ",35.2368246,32.6221494,"  35,934 ","  22,818 ","  85,477 "
  ירושלים  ישראל,  353 ,  130 ,  -   ,"  1,162 ","  1,292 ","  4,673,476 ",  -   ,"  99,361,317 ","  104,034,793 ",35.21371,31.768319,"  35,934 ","  22,818 ","  85,477 "
  גזר  ישראל,  397 ,  -   ,  826 ,  269 ,"  1,095 ",  -   ,"  18,858,735 ","  22,958,400 ","  41,817,134 ",34.92111,31.876349,"  35,934 ","  22,818 ","  85,477 "
  נצרת עילית  ישראל,  156 ,  881 ,  -   ,  53 ,  935 ,"  31,667,818 ",  -   ,"  4,570,381 ","  36,238,198 ",35.324812,32.711539,"  35,934 ","  22,818 ","  85,477 "
  ראשון לציון  ישראל,  8 ,  5 ,  -   ,  671 ,  676 ,"  178,077 ",  -   ,"  57,387,056 ","  57,565,132 ",34.7925013,31.9730015,"  35,934 ","  22,818 ","  85,477 "
  יואב  ישראל,  354 ,  97 ,  480 ,  91 ,  668 ,"  3,491,403 ","  10,950,792 ","  7,763,829 ","  22,206,023 ",34.83609130000001,32.1247419,"  35,934 ","  22,818 ","  85,477 "
  דרום השרון  ישראל,  407 ,  50 ,  -   ,  471 ,  521 ,"  1,780,606 ",  -   ,"  40,259,169 ","  42,039,775 ",34.9230955,32.1412443,"  35,934 ","  22,818 ","  85,477 "
  בני שמעון  ישראל,  202 ,  38 ,  -   ,  415 ,  453 ,"  1,373,777 ",  -   ,"  35,433,310 ","  36,807,088 ",34.8403408,31.3927762,"  35,934 ","  22,818 ","  85,477 "
  פתח תקווה  ישראל,  367 ,  23 ,  -   ,  424 ,  447 ,"  822,300 ",  -   ,"  36,277,415 ","  37,099,715 ",34.887762,32.084041,"  35,934 ","  22,818 ","  85,477 "
  חבל מודיעין  ישראל,  389 ,  -   ,  -   ,  381 ,  445 ,  -   ,  -   ,"  32,595,560 ","  32,595,560 ",34.9396367,31.9716517,"  35,934 ","  22,818 ","  85,477 "
  מטה יהודה  ישראל,  338 ,  0 ,  -   ,  439 ,  439 ,"  17,313 ",  -   ,"  37,504,008 ","  37,521,321 ",34.9727096,31.7916936,"  35,934 ","  22,818 ","  85,477 "
  נתניה  ישראל,  371 ,  18 ,  -   ,  414 ,  432 ,"  661,941 ",  -   ,"  35,357,580 ","  36,019,521 ",34.853196,32.321458,"  35,934 ","  22,818 ","  85,477 "
  הערבה התיכונה  ישראל,  204 ,  136 ,  -   ,  147 ,  419 ,"  4,883,790 ",  -   ,"  12,596,973 ","  17,480,763 ",35.1708741,30.6681625,"  35,934 ","  22,818 ","  85,477 "
  באר שבע  ישראל,  199 ,  16 ,  -   ,  388 ,  404 ,"  563,774 ",  -   ,"  33,180,267 ","  33,744,041 ",34.791462,31.252973,"  35,934 ","  22,818 ","  85,477 "
  מנשה  ישראל,  414 ,  148 ,  -   ,  247 ,  395 ,"  5,323,669 ",  -   ,"  21,071,613 ","  26,395,282 ",34.7869906,31.8129454,"  35,934 ","  22,818 ","  85,477 "
  עמק חפר  ישראל,  370 ,  79 ,  -   ,  300 ,  379 ,"  2,850,399 ",  -   ,"  25,631,738 ","  28,482,137 ",35.0123348,32.3335932,"  35,934 ","  22,818 ","  85,477 "
  מגידו  ישראל,  357 ,  -   ,  -   ,  374 ,  374 ,  -   ,  -   ,"  31,944,996 ","  31,944,996 ",35.179972,32.577899,"  35,934 ","  22,818 ","  85,477 "
  רמת השרון  ישראל,  341 ,  5 ,  -   ,  337 ,  342 ,"  187,389 ",  -   ,"  28,817,039 ","  29,004,428 ",34.840278,32.137793,"  35,934 ","  22,818 ","  85,477 "
  באר טוביה  ישראל,  3 ,  94 ,  -   ,  236 ,  330 ,"  3,384,472 ",  -   ,"  20,160,662 ","  23,545,134 ",34.72557,31.737127,"  35,934 ","  22,818 ","  85,477 "
  רמת גן  ישראל,  43 ,  4 ,  -   ,  314 ,  318 ,"  128,998 ",  -   ,"  26,872,421 ","  27,001,419 ",34.824785,32.068424,"  35,934 ","  22,818 ","  85,477 "
  חולון  ישראל,  344 ,  31 ,  -   ,  272 ,  303 ,"  1,124,351 ",  -   ,"  23,236,298 ","  24,360,650 ",34.787384,32.015833,"  35,934 ","  22,818 ","  85,477 "
  הגליל התחתון  ישראל,  89 ,  85 ,  -   ,  193 ,  278 ,"  3,072,118 ",  -   ,"  16,467,098 ","  19,539,216 ",35.5028379,32.7461638,"  35,934 ","  22,818 ","  85,477 "
  ירוחם  ישראל,  210 ,  253 ,  -   ,  7 ,  260 ,"  9,079,399 ",  -   ,"  614,989 ","  9,694,388 ",34.929741,30.987804,"  35,934 ","  22,818 ","  85,477 "
  מרום הגליל  ישראל,  145 ,  80 ,  -   ,  178 ,  258 ,"  2,891,271 ",  -   ,"  15,186,616 ","  18,077,888 ",35.46723679999999,32.9916546,"  35,934 ","  22,818 ","  85,477 "
  הרצליה  ישראל,  37 ,  -   ,  -   ,  256 ,  256 ,  -   ,  -   ,"  21,876,902 ","  21,876,902 ",34.844675,32.162413,"  35,934 ","  22,818 ","  85,477 "
  עמק לוד  ישראל,  369 ,  -   ,  -   ,  248 ,  248 ,  -   ,  -   ,"  21,192,609 ","  21,192,609 ",34.8568982,31.9826199,"  35,934 ","  22,818 ","  85,477 "
  הגלבוע  ישראל,  82 ,  79 ,  -   ,  161 ,  240 ,"  2,835,848 ",  -   ,"  13,730,327 ","  16,566,175 ",35.414444,32.433889,"  35,934 ","  22,818 ","  85,477 "
  שפיר  ישראל,  224 ,  -   ,  -   ,  239 ,  239 ,  -   ,  -   ,"  20,470,645 ","  20,470,645 ",34.728181,31.697557,"  35,934 ","  22,818 ","  85,477 "
  זבולון  ישראל,  265 ,  7 ,  -   ,  225 ,  232 ,"  238,794 ",  -   ,"  19,243,557 ","  19,482,350 ",35.090477,32.803614,"  35,934 ","  22,818 ","  85,477 "
  קרית אתא  ישראל,  270 ,  105 ,  -   ,  125 ,  230 ,"  3,768,491 ",  -   ,"  10,717,122 ","  14,485,613 ",35.119773,32.809144,"  35,934 ","  22,818 ","  85,477 "
  חוף השרון  ישראל,  388 ,  -   ,  -   ,  228 ,  228 ,  -   ,  -   ,"  19,506,927 ","  19,506,927 ",34.8013494,32.1772825,"  35,934 ","  22,818 ","  85,477 "
  חבל יבנה  ישראל,  391 ,  22 ,  -   ,  206 ,  228 ,"  779,925 ",  -   ,"  17,617,277 ","  18,397,202 ",34.7132945,31.8476237,"  35,934 ","  22,818 ","  85,477 "
  רחובות  ישראל,  361 ,  74 ,  -   ,  144 ,  218 ,"  2,661,930 ",  -   ,"  12,292,634 ","  14,954,564 ",34.811272,31.892773,"  35,934 ","  22,818 ","  85,477 "
  עמק המעיינות  ישראל,  73 ,  123 ,  -   ,  84 ,  207 ,"  4,410,599 ",  -   ,"  7,184,124 ","  11,594,724 ",35.5000999,32.4978371,"  35,934 ","  22,818 ","  85,477 "
  קרית גת  ישראל,  219 ,  163 ,  -   ,  34 ,  198 ,"  5,874,509 ",  -   ,"  2,930,200 ","  8,804,709 ",34.768459,31.611148,"  35,934 ","  22,818 ","  85,477 "
  חבל אילות  ישראל,  206 ,  2 ,  -   ,  185 ,  187 ,"  81,843 ",  -   ,"  15,783,143 ","  15,864,986 ",34.9506625,30.130877,"  35,934 ","  22,818 ","  85,477 "
  הגליל העליון  ישראל,  86 ,  3 ,  -   ,  184 ,  187 ,"  110,370 ",  -   ,"  15,702,546 ","  15,812,916 ",35.6314191,33.1639839,"  35,934 ","  22,818 ","  85,477 "
  בני ברק  ישראל,  346 ,  3 ,  -   ,  183 ,  186 ,"  93,962 ",  -   ,"  15,674,085 ","  15,768,048 ",34.835226,32.084932,"  35,934 ","  22,818 ","  85,477 "
  הוד השרון  ישראל,  5 ,  1 ,  -   ,  175 ,  177 ,"  40,922 ",  -   ,"  14,997,681 ","  15,038,603 ",34.8838788,32.149961,"  35,934 ","  22,818 ","  85,477 "
  גן רוה  ישראל,  395 ,  -   ,  -   ,  170 ,  170 ,  -   ,  -   ,"  14,555,411 ","  14,555,411 ",34.7464552,31.9172636,"  35,934 ","  22,818 ","  85,477 "
  גולן  ישראל,  31 ,  -   ,  -   ,  170 ,  170 ,  -   ,  -   ,"  14,491,193 ","  14,491,193 ",35.784354,33.01558540000001,"  35,934 ","  22,818 ","  85,477 "
  חוף אשקלון  ישראל,  207 ,  -   ,  -   ,  169 ,  169 ,  -   ,  -   ,"  14,428,401 ","  14,428,401 ",34.6343978,31.734099,"  35,934 ","  22,818 ","  85,477 "
  מגדל העמק  ישראל,  129 ,  148 ,  -   ,  17 ,  165 ,"  5,319,313 ",  -   ,"  1,463,425 ","  6,782,738 ",35.243444,32.673501,"  35,934 ","  22,818 ","  85,477 "
  בת ים  ישראל,  345 ,  26 ,  -   ,  139 ,  165 ,"  936,406 ",  -   ,"  11,887,020 ","  12,823,426 ",34.748019,32.013186,"  35,934 ","  22,818 ","  85,477 "
  שפרעם  ישראל,  187 ,  39 ,  -   ,  124 ,  163 ,"  1,416,420 ",  -   ,"  10,579,373 ","  11,995,793 ",35.169971,32.80576500000001,"  35,934 ","  22,818 ","  85,477 "
  משגב  ישראל,  148 ,  -   ,  -   ,  158 ,  158 ,  -   ,  -   ,"  13,534,587 ","  13,534,587 ",35.2697802,32.8782643,"  35,934 ","  22,818 ","  85,477 "
  עפולה  ישראל,  170 ,  35 ,  -   ,  122 ,  157 ,"  1,268,681 ",  -   ,"  10,444,025 ","  11,712,706 ",35.287922,32.610493,"  35,934 ","  22,818 ","  85,477 "
  כפר סבא  ישראל,  378 ,  32 ,  -   ,  119 ,  151 ,"  1,167,670 ",  -   ,"  10,167,521 ","  11,335,191 ",34.90761,32.178195,"  35,934 ","  22,818 ","  85,477 "
  לכיש  ישראל,  213 ,  -   ,  -   ,  149 ,  149 ,  -   ,  -   ,"  12,728,580 ","  12,728,580 ",34.84409,31.560907,"  35,934 ","  22,818 ","  85,477 "
  זכרון יעקב  ישראל,  294 ,  -   ,  -   ,  149 ,  149 ,  -   ,  -   ,"  12,714,403 ","  12,714,403 ",34.951977,32.573905,"  35,934 ","  22,818 ","  85,477 "
  יבנה  ישראל,  384 ,  40 ,  -   ,  100 ,  140 ,"  1,444,321 ",  -   ,"  8,564,366 ","  10,008,687 ",34.739449,31.877958,"  35,934 ","  22,818 ","  85,477 "
  רעננה  ישראל,  35 ,  7 ,  -   ,  119 ,  128 ,"  256,547 ",  -   ,"  10,206,455 ","  10,463,002 ",34.871326,32.184781,"  35,934 ","  22,818 ","  85,477 "
  כרמיאל  ישראל,  48 ,  20 ,  -   ,  104 ,  125 ,"  733,314 ",  -   ,"  8,920,310 ","  9,653,624 ",35.292417,32.914671,"  35,934 ","  22,818 ","  85,477 "
  מרחבים  ישראל,  21 ,  66 ,  -   ,  57 ,  123 ,"  2,368,338 ",  -   ,"  4,863,951 ","  7,232,289 ",34.957951,32.466184,"  35,934 ","  22,818 ","  85,477 "
  רמת נגב  ישראל,  20 ,  -   ,  -   ,  118 ,  118 ,  -   ,  -   ,"  10,053,946 ","  10,053,946 ",34.876729,32.061295,"  35,934 ","  22,818 ","  85,477 "
  לב השרון  ישראל,  7 ,  -   ,  -   ,  114 ,  114 ,  -   ,  -   ,"  9,722,017 ","  9,722,017 ",34.9451498,32.2736042,"  35,934 ","  22,818 ","  85,477 "
  נשר  ישראל,  268 ,  -   ,  -   ,  109 ,  109 ,  -   ,  -   ,"  9,354,190 ","  9,354,190 ",35.049191,32.7649,"  35,934 ","  22,818 ","  85,477 "
  מודיעין-מכבים-רעות  ישראל,  375 ,  -   ,  -   ,  104 ,  104 ,  -   ,  -   ,"  8,874,497 ","  8,874,497 ",35.010397,31.890267,"  35,934 ","  22,818 ","  85,477 "
  פרדס חנה - כרכור  ישראל,  410 ,  34 ,  -   ,  68 ,  102 ,"  1,228,279 ",  -   ,"  5,816,810 ","  7,045,088 ",34.9742001,32.4728028,"  35,934 ","  22,818 ","  85,477 "
  עמק הירדן  ישראל,  167 ,  8 ,  -   ,  92 ,  100 ,"  299,043 ",  -   ,"  7,878,071 ","  8,177,114 ",35.5548422,32.7268078,"  35,934 ","  22,818 ","  85,477 "
  לוד  ישראל,  376 ,  22 ,  -   ,  78 ,  99 ,"  779,536 ",  -   ,"  6,639,507 ","  7,419,043 ",34.888075,31.951014,"  35,934 ","  22,818 ","  85,477 "
  נס ציונה  ישראל,  372 ,  1 ,  -   ,  95 ,  95 ,"  28,330 ",  -   ,"  8,093,344 ","  8,121,675 ",34.801327,31.932111,"  35,934 ","  22,818 ","  85,477 "
  דימונה  ישראל,  203 ,  51 ,  -   ,  44 ,  95 ,"  1,836,443 ",  -   ,"  3,738,782 ","  5,575,225 ",35.033363,31.069419,"  35,934 ","  22,818 ","  85,477 "
  עכו  ישראל,  54 ,  26 ,  -   ,  67 ,  93 ,"  926,956 ",  -   ,"  5,725,494 ","  6,652,450 ",35.082678,32.933052,"  35,934 ","  22,818 ","  85,477 "
  שער הנגב  ישראל,  18 ,  -   ,  -   ,  92 ,  92 ,  -   ,  -   ,"  7,867,136 ","  7,867,136 ",34.6303372,31.50772569999999,"  35,934 ","  22,818 ","  85,477 "
  אום אל-פחם  ישראל,  304 ,  -   ,  -   ,  91 ,  91 ,  -   ,  -   ,"  7,808,128 ","  7,808,128 ",35.148529,32.517127,"  35,934 ","  22,818 ","  85,477 "
  רמת חובב  ישראל,  221 ,  90 ,  -   ,  0 ,  90 ,"  3,231,721 ",  -   ,"  18,157 ","  3,249,878 ",35.1876387,31.7739276,"  35,934 ","  22,818 ","  85,477 "
  קרית מוצקין  ישראל,  275 ,  -   ,  -   ,  89 ,  89 ,  -   ,  -   ,"  7,639,500 ","  7,639,500 ",35.079523,32.838202,"  35,934 ","  22,818 ","  85,477 "
  יקנעם עילית  ישראל,  100 ,  14 ,  -   ,  73 ,  87 ,"  490,852 ",  -   ,"  6,267,096 ","  6,757,948 ",35.104606,32.660225,"  35,934 ","  22,818 ","  85,477 "
  טייבה  ישראל,  386 ,  -   ,  -   ,  85 ,  85 ,  -   ,  -   ,"  7,268,107 ","  7,268,107 ",35.009675,32.266892,"  35,934 ","  22,818 ","  85,477 "
  נצרת  ישראל,  28 ,  -   ,  -   ,  84 ,  84 ,  -   ,  -   ,"  7,160,979 ","  7,160,979 ",35.303546,32.699635,"  35,934 ","  22,818 ","  85,477 "
  מבואות החרמון  ישראל,  124 ,  -   ,  -   ,  81 ,  81 ,  -   ,  -   ,"  6,937,975 ","  6,937,975 ",35.5548422,33.0614193,"  35,934 ","  22,818 ","  85,477 "
  אשכול  ישראל,  197 ,  -   ,  -   ,  79 ,  79 ,  -   ,  -   ,"  6,727,953 ","  6,727,953 ",34.983526,31.493764,"  35,934 ","  22,818 ","  85,477 "
  ערד  ישראל,  2 ,  54 ,  -   ,  22 ,  75 ,"  1,928,039 ",  -   ,"  1,858,987 ","  3,787,026 ",35.214862,31.261447,"  35,934 ","  22,818 ","  85,477 "
  ראש העין  ישראל,  362 ,  -   ,  -   ,  74 ,  74 ,  -   ,  -   ,"  6,293,095 ","  6,293,095 ",34.952177,32.095838,"  35,934 ","  22,818 ","  85,477 "
  נחל שורק  ישראל,  373 ,  -   ,  -   ,  73 ,  73 ,  -   ,  -   ,"  6,276,655 ","  6,276,655 ",34.9921788,31.7156744,"  35,934 ","  22,818 ","  85,477 "
  חצור הגלילית  ישראל,  92 ,  73 ,  -   ,  0 ,  73 ,"  2,629,598 ",  -   ,"  7,574 ","  2,637,171 ",35.543548,32.980382,"  35,934 ","  22,818 ","  85,477 "
  צפת  ישראל,  175 ,  20 ,  -   ,  53 ,  73 ,"  714,660 ",  -   ,"  4,558,280 ","  5,272,940 ",35.495997,32.964648,"  35,934 ","  22,818 ","  85,477 "
  מעלה יוסף  ישראל,  140 ,  -   ,  -   ,  73 ,  73 ,  -   ,  -   ,"  6,236,494 ","  6,236,494 ",35.2697802,33.0557003,"  35,934 ","  22,818 ","  85,477 "
  נהריה  ישראל,  152 ,  14 ,  -   ,  58 ,  72 ,"  506,349 ",  -   ,"  4,975,076 ","  5,481,425 ",35.0980514,33.0085361,"  35,934 ","  22,818 ","  85,477 "
  שדות נגב  ישראל,  19 ,  0 ,  -   ,  65 ,  66 ,"  6,296 ",  -   ,"  5,588,968 ","  5,595,264 ",34.5417619,31.4144482,"  35,934 ","  22,818 ","  85,477 "
  אזור  ישראל,  347 ,  7 ,  -   ,  58 ,  65 ,"  240,938 ",  -   ,"  4,943,814 ","  5,184,752 ",34.799648,32.029558,"  35,934 ","  22,818 ","  85,477 "
  אור יהודה  ישראל,  348 ,  7 ,  -   ,  53 ,  60 ,"  261,713 ",  -   ,"  4,534,655 ","  4,796,368 ",34.85617300000001,32.029748,"  35,934 ","  22,818 ","  85,477 "
  טבריה  ישראל,  93 ,  -   ,  -   ,  53 ,  53 ,  -   ,  -   ,"  4,570,124 ","  4,570,124 ",35.530973,32.795859,"  35,934 ","  22,818 ","  85,477 "
  גדרה  ישראל,  429 ,  -   ,  -   ,  52 ,  52 ,  -   ,  -   ,"  4,472,297 ","  4,472,297 ",34.77701920000001,31.8123014,"  35,934 ","  22,818 ","  85,477 "
  קרית שמונה  ישראל,  177 ,  24 ,  -   ,  28 ,  52 ,"  863,300 ",  -   ,"  2,374,130 ","  3,237,431 ",35.570246,33.207933,"  35,934 ","  22,818 ","  85,477 "
  מג'ד אל-כרום  ישראל,  279 ,  -   ,  -   ,  51 ,  51 ,  -   ,  -   ,"  4,389,136 ","  4,389,136 ",35.25665,32.920132,"  35,934 ","  22,818 ","  85,477 "
  בנימינה - גבעת עדה  ישראל,  298 ,  1 ,  -   ,  50 ,  51 ,"  31,478 ",  -   ,"  4,292,958 ","  4,324,436 ",34.955096,32.517078,"  35,934 ","  22,818 ","  85,477 "
  גדרות  ישראל,  399 ,  -   ,  -   ,  51 ,  51 ,  -   ,  -   ,"  4,365,243 ","  4,365,243 ",34.7354031,31.830759,"  35,934 ","  22,818 ","  85,477 "
  טמרה  ישראל,  50 ,  -   ,  -   ,  48 ,  48 ,  -   ,  -   ,"  4,081,308 ","  4,081,308 ",35.201315,32.852247,"  35,934 ","  22,818 ","  85,477 "
  ברנר  ישראל,  428 ,  -   ,  -   ,  48 ,  48 ,  -   ,  -   ,"  4,060,427 ","  4,060,427 ",34.7851264,31.8602669,"  35,934 ","  22,818 ","  85,477 "
  קרית טבעון  ישראל,  271 ,  -   ,  -   ,  47 ,  47 ,  -   ,  -   ,"  3,997,705 ","  3,997,705 ",35.127483,32.716221,"  35,934 ","  22,818 ","  85,477 "
  קרית אונו  ישראל,  343 ,  -   ,  -   ,  47 ,  47 ,  -   ,  -   ,"  3,985,070 ","  3,985,070 ",34.85885800000001,32.054863,"  35,934 ","  22,818 ","  85,477 "
  גבעת שמואל  ישראל,  400 ,  3 ,  -   ,  42 ,  45 ,"  107,152 ",  -   ,"  3,617,207 ","  3,724,359 ",34.849206,32.077299,"  35,934 ","  22,818 ","  85,477 "
  טירת כרמל  ישראל,  267 ,  -   ,  -   ,  44 ,  44 ,  -   ,  -   ,"  3,785,546 ","  3,785,546 ",34.97298,32.762127,"  35,934 ","  22,818 ","  85,477 "
  באר יעקב  ישראל,  402 ,  -   ,  -   ,  43 ,  43 ,  -   ,  -   ,"  3,707,944 ","  3,707,944 ",34.83904,31.943507,"  35,934 ","  22,818 ","  85,477 "
  קרית ביאליק  ישראל,  272 ,  -   ,  -   ,  43 ,  43 ,  -   ,  -   ,"  3,697,059 ","  3,697,059 ",35.088407,32.832154,"  35,934 ","  22,818 ","  85,477 "
  כפר תבור  ישראל,  109 ,  -   ,  -   ,  41 ,  41 ,  -   ,  -   ,"  3,526,204 ","  3,526,204 ",35.419972,32.687346,"  35,934 ","  22,818 ","  85,477 "
  עומר  ישראל,  218 ,  2 ,  -   ,  38 ,  40 ,"  86,565 ",  -   ,"  3,250,443 ","  3,337,008 ",34.849864,31.264305,"  35,934 ","  22,818 ","  85,477 "
  כאוכב אבו אל-היג'א  ישראל,  44 ,  40 ,  -   ,  -   ,  40 ,"  1,438,553 ",  -   ,  -   ,"  1,438,553 ",35.248701,32.831888,"  35,934 ","  22,818 ","  85,477 "
  ראש פינה  ישראל,  181 ,  -   ,  -   ,  38 ,  38 ,  -   ,  -   ,"  3,246,727 ","  3,246,727 ",35.542659,32.970422,"  35,934 ","  22,818 ","  85,477 "
  מבשרת ציון  ישראל,  351 ,  -   ,  -   ,  35 ,  35 ,  -   ,  -   ,"  2,978,264 ","  2,978,264 ",35.157891,31.804052,"  35,934 ","  22,818 ","  85,477 "
  גבעתיים  ישראל,  39 ,  -   ,  -   ,  33 ,  33 ,  -   ,  -   ,"  2,858,299 ","  2,858,299 ",34.808871,32.072176,"  35,934 ","  22,818 ","  85,477 "
  ראמה  ישראל,  46 ,  -   ,  -   ,  33 ,  33 ,  -   ,  -   ,"  2,836,971 ","  2,836,971 ",35.366984,32.937112,"  35,934 ","  22,818 ","  85,477 "
  אעבלין  ישראל,  63 ,  -   ,  -   ,  32 ,  32 ,  -   ,  -   ,"  2,742,812 ","  2,742,812 ",35.19012,32.821799,"  35,934 ","  22,818 ","  85,477 "
  אילת  ישראל,  196 ,  -   ,  -   ,  32 ,  32 ,  -   ,  -   ,"  2,717,457 ","  2,717,457 ",34.951925,29.557669,"  35,934 ","  22,818 ","  85,477 "
  תל מונד  ישראל,  358 ,  -   ,  -   ,  32 ,  32 ,  -   ,  -   ,"  2,698,378 ","  2,698,378 ",34.91846,32.256608,"  35,934 ","  22,818 ","  85,477 "
  גן יבנה  ישראל,  396 ,  -   ,  -   ,  31 ,  31 ,  -   ,  -   ,"  2,684,707 ","  2,684,707 ",34.703101,31.783056,"  35,934 ","  22,818 ","  85,477 "
  קרית ים  ישראל,  273 ,  -   ,  -   ,  30 ,  30 ,  -   ,  -   ,"  2,553,357 ","  2,553,357 ",35.068929,32.849276,"  35,934 ","  22,818 ","  85,477 "
  יהוד -מונסון  ישראל,  383 ,  -   ,  -   ,  29 ,  29 ,  -   ,  -   ,"  2,517,421 ","  2,517,421 ",34.879579,32.029338,"  35,934 ","  22,818 ","  85,477 "
  טירה  ישראל,  385 ,  -   ,  -   ,  29 ,  29 ,  -   ,  -   ,"  2,511,362 ","  2,511,362 ",34.950506,32.235466,"  35,934 ","  22,818 ","  85,477 "
  פוריידיס  ישראל,  282 ,  -   ,  -   ,  29 ,  29 ,  -   ,  -   ,"  2,502,789 ","  2,502,789 ",34.951899,32.597351,"  35,934 ","  22,818 ","  85,477 "
  אבן יהודה  ישראל,  404 ,  -   ,  -   ,  28 ,  28 ,  -   ,  -   ,"  2,433,463 ","  2,433,463 ",34.885087,32.276648,"  35,934 ","  22,818 ","  85,477 "
  ריינה  ישראל,  182 ,  -   ,  -   ,  27 ,  27 ,  -   ,  -   ,"  2,349,249 ","  2,349,249 ",35.317654,32.719924,"  35,934 ","  22,818 ","  85,477 "
  כפר יונה  ישראל,  380 ,  -   ,  -   ,  27 ,  27 ,  -   ,  -   ,"  2,316,564 ","  2,316,564 ",34.933615,32.317719,"  35,934 ","  22,818 ","  85,477 "
  אור עקיבא  ישראל,  302 ,  -   ,  -   ,  27 ,  27 ,  -   ,  -   ,"  2,291,439 ","  2,291,439 ",34.920394,32.509965,"  35,934 ","  22,818 ","  85,477 "
  כפר שמריהו  ישראל,  38 ,  -   ,  -   ,  26 ,  26 ,  -   ,  -   ,"  2,264,630 ","  2,264,630 ",34.823124,32.187123,"  35,934 ","  22,818 ","  85,477 "
  שהם  ישראל,  359 ,  -   ,  -   ,  26 ,  26 ,  -   ,  -   ,"  2,248,833 ","  2,248,833 ",34.9488403,31.9957581,"  35,934 ","  22,818 ","  85,477 "
  כפר קאסם  ישראל,  377 ,  -   ,  -   ,  26 ,  26 ,  -   ,  -   ,"  2,247,543 ","  2,247,543 ",34.972767,32.114093,"  35,934 ","  22,818 ","  85,477 "
  נחף  ישראל,  153 ,  -   ,  -   ,  26 ,  26 ,  -   ,  -   ,"  2,234,074 ","  2,234,074 ",35.31652,32.934675,"  35,934 ","  22,818 ","  85,477 "
  מעלה עירון  ישראל,  287 ,  -   ,  -   ,  24 ,  24 ,  -   ,  -   ,"  2,048,111 ","  2,048,111 ",35.182499,32.554128,"  35,934 ","  22,818 ","  85,477 "
  כפר כנא  ישראל,  112 ,  -   ,  -   ,  24 ,  24 ,  -   ,  -   ,"  2,037,383 ","  2,037,383 ",35.3438402,32.7481978,"  35,934 ","  22,818 ","  85,477 "
  ג'דיידה-מכר  ישראל,  57 ,  -   ,  -   ,  24 ,  24 ,  -   ,  -   ,"  2,030,041 ","  2,030,041 ",35.150573,32.928656,"  35,934 ","  22,818 ","  85,477 "
  דאלית אל-כרמל  ישראל,  277 ,  -   ,  -   ,  24 ,  24 ,  -   ,  -   ,"  2,018,021 ","  2,018,021 ",35.055447,32.693796,"  35,934 ","  22,818 ","  85,477 "
  קדימה - צורן  ישראל,  366 ,  -   ,  -   ,  23 ,  23 ,  -   ,  -   ,"  1,992,049 ","  1,992,049 ",34.919297,32.277644,"  35,934 ","  22,818 ","  85,477 "
  עוספייא  ישראל,  278 ,  -   ,  -   ,  22 ,  22 ,  -   ,  -   ,"  1,923,070 ","  1,923,070 ",35.007092,32.80034,"  35,934 ","  22,818 ","  85,477 "
  ג'ת  ישראל,  502 ,  -   ,  -   ,  22 ,  22 ,  -   ,  -   ,"  1,892,853 ","  1,892,853 ",35.035914,32.39693,"  35,934 ","  22,818 ","  85,477 "
  סביון  ישראל,  379 ,  -   ,  -   ,  22 ,  22 ,  -   ,  -   ,"  1,840,801 ","  1,840,801 ",34.87657799999999,32.045589,"  35,934 ","  22,818 ","  85,477 "
  כסרא - סמיע  ישראל,  103 ,  -   ,  -   ,  19 ,  19 ,  -   ,  -   ,"  1,611,646 ","  1,611,646 ",35.298528,32.97232,"  35,934 ","  22,818 ","  85,477 "
  שלומי  ישראל,  185 ,  12 ,  -   ,  6 ,  18 ,"  435,073 ",  -   ,"  519,740 ","  954,813 ",35.145945,33.072609,"  35,934 ","  22,818 ","  85,477 "
  רמת ישי  ישראל,  183 ,  -   ,  -   ,  18 ,  18 ,  -   ,  -   ,"  1,545,213 ","  1,545,213 ",35.166003,32.704029,"  35,934 ","  22,818 ","  85,477 "
  כפר כמא  ישראל,  111 ,  -   ,  -   ,  17 ,  17 ,  -   ,  -   ,"  1,451,806 ","  1,451,806 ",35.442834,32.721105,"  35,934 ","  22,818 ","  85,477 "
  באקה אל גרבייה  ישראל,  501 ,  -   ,  -   ,  17 ,  17 ,  -   ,  -   ,"  1,430,272 ","  1,430,272 ",35.035764,32.422891,"  35,934 ","  22,818 ","  85,477 "
  סח'נין  ישראל,  158 ,  -   ,  -   ,  16 ,  16 ,  -   ,  -   ,"  1,383,116 ","  1,383,116 ",35.294547,32.864167,"  35,934 ","  22,818 ","  85,477 "
  בית שאן  ישראל,  71 ,  -   ,  -   ,  16 ,  16 ,  -   ,  -   ,"  1,380,759 ","  1,380,759 ",35.497336,32.497103,"  35,934 ","  22,818 ","  85,477 "
  מר'אר  ישראל,  127 ,  -   ,  -   ,  16 ,  16 ,  -   ,  -   ,"  1,337,972 ","  1,337,972 ",35.40461,32.890704,"  35,934 ","  22,818 ","  85,477 "
  מיתר  ישראל,  215 ,  -   ,  -   ,  15 ,  15 ,  -   ,  -   ,"  1,260,059 ","  1,260,059 ",34.943213,31.327011,"  35,934 ","  22,818 ","  85,477 "
  קרית עקרון  ישראל,  363 ,  -   ,  -   ,  15 ,  15 ,  -   ,  -   ,"  1,254,329 ","  1,254,329 ",34.8219576,31.862547,"  35,934 ","  22,818 ","  85,477 "
  מצפה רמון  ישראל,  216 ,  -   ,  -   ,  14 ,  14 ,  -   ,  -   ,"  1,220,663 ","  1,220,663 ",34.801898,30.610203,"  35,934 ","  22,818 ","  85,477 "
  מעלות-תרשיחא  ישראל,  141 ,  -   ,  -   ,  14 ,  14 ,  -   ,  -   ,"  1,204,859 ","  1,204,859 ",35.276017,33.015026,"  35,934 ","  22,818 ","  85,477 "
  קלנסווה  ישראל,  364 ,  -   ,  -   ,  14 ,  14 ,  -   ,  -   ,"  1,196,114 ","  1,196,114 ",34.981487,32.285791,"  35,934 ","  22,818 ","  85,477 "
  אופקים  ישראל,  193 ,  11 ,  -   ,  3 ,  14 ,"  394,453 ",  -   ,"  240,756 ","  635,209 ",34.622824,31.311337,"  35,934 ","  22,818 ","  85,477 "
  משהד  ישראל,  150 ,  -   ,  -   ,  14 ,  14 ,  -   ,  -   ,"  1,163,444 ","  1,163,444 ",35.322494,32.738912,"  35,934 ","  22,818 ","  85,477 "
  בסמת טבעון  ישראל,  72 ,  -   ,  -   ,  13 ,  13 ,  -   ,  -   ,"  1,124,751 ","  1,124,751 ",35.1532,32.736287,"  35,934 ","  22,818 ","  85,477 "
  אלעד  ישראל,  408 ,  -   ,  -   ,  13 ,  13 ,  -   ,  -   ,"  1,091,897 ","  1,091,897 ",34.95075,32.04953,"  35,934 ","  22,818 ","  85,477 "
  מגדל  ישראל,  128 ,  -   ,  -   ,  13 ,  13 ,  -   ,  -   ,"  1,085,032 ","  1,085,032 ",35.499849,32.839494,"  35,934 ","  22,818 ","  85,477 "
  כפר קרע  ישראל,  288 ,  -   ,  -   ,  13 ,  13 ,  -   ,  -   ,"  1,084,881 ","  1,084,881 ",35.054251,32.505518,"  35,934 ","  22,818 ","  85,477 "
  להבים  ישראל,  211 ,  -   ,  -   ,  12 ,  12 ,  -   ,  -   ,"  1,044,920 ","  1,044,920 ",34.816952,31.373835,"  35,934 ","  22,818 ","  85,477 "
  ג'סר א-זרקא  ישראל,  295 ,  -   ,  -   ,  12 ,  12 ,  -   ,  -   ,"  1,027,736 ","  1,027,736 ",34.911569,32.536262,"  35,934 ","  22,818 ","  85,477 "
  אל קסום  ישראל,  192 ,  -   ,  -   ,  12 ,  12 ,  -   ,  -   ,"  1,017,317 ","  1,017,317 ",35.29994,32.87189499999999,"  35,934 ","  22,818 ","  85,477 "
  כפר יאסיף  ישראל,  110 ,  -   ,  -   ,  12 ,  12 ,  -   ,  -   ,"  983,490 ","  983,490 ",35.1599957,32.9520318,"  35,934 ","  22,818 ","  85,477 "
  נווה מדבר  ישראל,  425 ,  -   ,  -   ,  11 ,  11 ,  -   ,  -   ,"  936,099 ","  936,099 ",34.95494,29.569487,"  35,934 ","  22,818 ","  85,477 "
  זמר  ישראל,  392 ,  -   ,  -   ,  11 ,  11 ,  -   ,  -   ,"  900,817 ","  900,817 ",35.034651,32.365684,"  35,934 ","  22,818 ","  85,477 "
  בוסתאן אל-מרג'  ישראל,  70 ,  -   ,  -   ,  10 ,  10 ,  -   ,  -   ,"  868,750 ","  868,750 ",35.3548545,32.6311651,"  35,934 ","  22,818 ","  85,477 "
  יפיע  ישראל,  99 ,  -   ,  -   ,  10 ,  10 ,  -   ,  -   ,"  864,061 ","  864,061 ",35.28201,32.695002,"  35,934 ","  22,818 ","  85,477 "
  רהט  ישראל,  220 ,  -   ,  -   ,  9 ,  9 ,  -   ,  -   ,"  811,943 ","  811,943 ",34.753934,31.394548,"  35,934 ","  22,818 ","  85,477 "
  ביר אל-מכסור  ישראל,  75 ,  -   ,  -   ,  9 ,  9 ,  -   ,  -   ,"  765,550 ","  765,550 ",35.22057100000001,32.777291,"  35,934 ","  22,818 ","  85,477 "
  מזרעה  ישראל,  131 ,  -   ,  -   ,  9 ,  9 ,  -   ,  -   ,"  762,056 ","  762,056 ",35.098934,32.983652,"  35,934 ","  22,818 ","  85,477 "
  חורה  ישראל,  208 ,  -   ,  -   ,  8 ,  8 ,  -   ,  -   ,"  699,324 ","  699,324 ",34.935688,31.300399,"  35,934 ","  22,818 ","  85,477 "
  גני תקווה  ישראל,  394 ,  -   ,  -   ,  8 ,  8 ,  -   ,  -   ,"  688,477 ","  688,477 ",34.873121,32.060497,"  35,934 ","  22,818 ","  85,477 "
  כפר מנדא  ישראל,  108 ,  -   ,  -   ,  8 ,  8 ,  -   ,  -   ,"  680,342 ","  680,342 ",35.258613,32.81236,"  35,934 ","  22,818 ","  85,477 "
  יבנאל  ישראל,  97 ,  -   ,  -   ,  8 ,  8 ,  -   ,  -   ,"  669,176 ","  669,176 ",35.503778,32.708765,"  35,934 ","  22,818 ","  85,477 "
  מגדל תפן  ישראל,  130 ,  1 ,  -   ,  7 ,  8 ,"  28,330 ",  -   ,"  579,256 ","  607,586 ",35.278017,32.9766793,"  35,934 ","  22,818 ","  85,477 "
  גוש חלב (ג'יש)  ישראל,  79 ,  -   ,  -   ,  7 ,  7 ,  -   ,  -   ,"  630,034 ","  630,034 ",35.446457,33.021874,"  35,934 ","  22,818 ","  85,477 "
  קרית מלאכי  ישראל,  418 ,  7 ,  -   ,  -   ,  7 ,"  263,472 ",  -   ,  -   ,"  263,472 ",34.746996,31.730202,"  35,934 ","  22,818 ","  85,477 "
  קצרין  ישראל,  176 ,  -   ,  -   ,  7 ,  7 ,  -   ,  -   ,"  571,254 ","  571,254 ",35.689865,32.990998,"  35,934 ","  22,818 ","  85,477 "
  דיר אל-אסד  ישראל,  280 ,  -   ,  -   ,  6 ,  6 ,  -   ,  -   ,"  548,069 ","  548,069 ",35.268394,32.93445,"  35,934 ","  22,818 ","  85,477 "
  טורעאן  ישראל,  95 ,  -   ,  -   ,  6 ,  6 ,  -   ,  -   ,"  532,756 ","  532,756 ",35.378344,32.775137,"  35,934 ","  22,818 ","  85,477 "
  מטולה  ישראל,  132 ,  -   ,  -   ,  6 ,  6 ,  -   ,  -   ,"  522,970 ","  522,970 ",35.578235,33.277232,"  35,934 ","  22,818 ","  85,477 "
  עראבה  ישראל,  171 ,  -   ,  -   ,  6 ,  6 ,  -   ,  -   ,"  509,583 ","  509,583 ",35.337167,32.853705,"  35,934 ","  22,818 ","  85,477 "
  כאבול  ישראל,  102 ,  -   ,  -   ,  6 ,  6 ,  -   ,  -   ,"  485,531 ","  485,531 ",35.2054376,32.8699737,"  35,934 ","  22,818 ","  85,477 "
  דיר חנא  ישראל,  81 ,  -   ,  -   ,  6 ,  6 ,  -   ,  -   ,"  485,391 ","  485,391 ",35.365253,32.862316,"  35,934 ","  22,818 ","  85,477 "
  ערערה בנגב  ישראל,  424 ,  -   ,  -   ,  5 ,  5 ,  -   ,  -   ,"  456,469 ","  456,469 ",35.019757,31.160927,"  35,934 ","  22,818 ","  85,477 "
  נתיבות  ישראל,  217 ,  3 ,  -   ,  3 ,  5 ,"  94,603 ",  -   ,"  221,966 ","  316,569 ",34.595254,31.423196,"  35,934 ","  22,818 ","  85,477 "
  עילבון  ישראל,  160 ,  -   ,  -   ,  5 ,  5 ,  -   ,  -   ,"  444,634 ","  444,634 ",35.399996,32.837949,"  35,934 ","  22,818 ","  85,477 "
  מג'דל שמס  ישראל
  מסעדה  ישראל,  133 ,  -   ,  -   ,  5 ,  5 ,  -   ,  -   ,"  397,653 ","  397,653 ",35.7555991,33.2321159,"  35,934 ","  22,818 ","  85,477 "
  מזכרת בתיה  ישראל,  374 ,  -   ,  -   ,  4 ,  4 ,  -   ,  -   ,"  360,227 ","  360,227 ",34.842421,31.853167,"  35,934 ","  22,818 ","  85,477 "
  אבו סנאן  ישראל,  60 ,  -   ,  -   ,  4 ,  4 ,  -   ,  -   ,"  331,741 ","  331,741 ",35.171969,32.95803,"  35,934 ","  22,818 ","  85,477 "
  בית דגן  ישראל,  409 ,  -   ,  -   ,  4 ,  4 ,  -   ,  -   ,"  306,551 ","  306,551 ",34.8297087,32.0017816,"  35,934 ","  22,818 ","  85,477 "
  כוכב יאיר  ישראל,  382 ,  -   ,  -   ,  4 ,  4 ,  -   ,  -   ,"  300,162 ","  300,162 ",34.992405,32.220922,"  35,934 ","  22,818 ","  85,477 "
  ג'לג'וליה  ישראל,  401 ,  -   ,  -   ,  3 ,  3 ,  -   ,  -   ,"  288,968 ","  288,968 ",34.9539749,32.1524568,"  35,934 ","  22,818 ","  85,477 "
  פרדסיה  ישראל,  368 ,  -   ,  -   ,  3 ,  3 ,  -   ,  -   ,"  285,915 ","  285,915 ",34.911731,32.305011,"  35,934 ","  22,818 ","  85,477 "
  שדרות  ישראל,  223 ,  -   ,  -   ,  3 ,  3 ,  -   ,  -   ,"  281,145 ","  281,145 ",34.595581,31.52269399999999,"  35,934 ","  22,818 ","  85,477 "
  פסוטה  ישראל,  172 ,  -   ,  -   ,  3 ,  3 ,  -   ,  -   ,"  240,460 ","  240,460 ",35.308827,33.04782,"  35,934 ","  22,818 ","  85,477 "
  פקיעין (בוקייעה)  ישראל,  174 ,  -   ,  -   ,  3 ,  3 ,  -   ,  -   ,"  223,316 ","  223,316 ",35.286286,33.012733,"  35,934 ","  22,818 ","  85,477 "
  לקיה  ישראל
  חורפיש  ישראל
  בוקעאתא  ישראל,  77 ,  -   ,  -   ,  2 ,  2 ,  -   ,  -   ,"  168,159 ","  168,159 ",35.7767723,33.2026572,"  35,934 ","  22,818 ","  85,477 "
  תל שבע  ישראל,  225 ,  -   ,  -   ,  2 ,  2 ,  -   ,  -   ,"  164,374 ","  164,374 ",34.861193,31.247569,"  35,934 ","  22,818 ","  85,477 "
  שעב  ישראל,  186 ,  -   ,  -   ,  2 ,  2 ,  -   ,  -   ,"  147,293 ","  147,293 ",35.238764,32.88967,"  35,934 ","  22,818 ","  85,477 "
  אבו גוש  ישראל,  10 ,  -   ,  -   ,  2 ,  2 ,  -   ,  -   ,"  144,227 ","  144,227 ",35.109193,31.806293,"  35,934 ","  22,818 ","  85,477 "
  בועיינה-נוג'ידאת  ישראל,  76 ,  -   ,  -   ,  1 ,  1 ,  -   ,  -   ,"  112,246 ","  112,246 ",35.36527,32.807711,"  35,934 ","  22,818 ","  85,477 "
  יאנוח - ג'ת  ישראל,  96 ,  -   ,  -   ,  1 ,  1 ,  -   ,  -   ,"  100,869 ","  100,869 ",35.241169,32.981568,"  35,934 ","  22,818 ","  85,477 "
  שגב שלום  ישראל,  222 ,  -   ,  -   ,  1 ,  1 ,  -   ,  -   ,"  81,522 ","  81,522 ",34.839665,31.198361,"  35,934 ","  22,818 ","  85,477 "
  רכסים  ישראל,  276 ,  -   ,  -   ,  1 ,  1 ,  -   ,  -   ,"  80,644 ","  80,644 ",35.099581,32.749265,"  35,934 ","  22,818 ","  85,477 "
  כפר ורדים  ישראל,  107 ,  -   ,  -   ,  1 ,  1 ,  -   ,  -   ,"  57,219 ","  57,219 ",35.269101,32.995088,"  35,934 ","  22,818 ","  85,477 "
  יסוד המעלה  ישראל,  98 ,  -   ,  -   ,  0 ,  0 ,  -   ,  -   ,"  28,588 ","  28,588 ",35.589013,33.05358,"  35,934 ","  22,818 ","  85,477 "
  כפר ברא  ישראל,  381 ,  -   ,  -   ,  0 ,  0 ,  -   ,  -   ,"  11,779 ","  11,779 ",34.970108,32.130911,"  35,934 ","  22,818 ","  85,477 "
  ערערה  ישראל,  284 ,  -   ,  -   ,  0 ,  0 ,  -   ,  -   ,"  4,986 ","  4,986 ",35.097292,32.496323,"  35,934 ","  22,818 ","  85,477 "
  חריש  ישראל,  14 ,  -   ,  -   ,  -   ,  -   ,  -   ,  -   ,  -   ,  -   ,35.0455828,32.4618771,"  35,934 ","  22,818 ","  85,477 "
  אכסאל  ישראל,  62 ,  -   ,  -   ,  -   ,  -   ,  -   ,  -   ,  -   ,  -   ,35.320743,32.682085,"  35,934 ","  22,818 ","  85,477 "
  אל-בטוף  ישראל,  66 ,  -   ,  -   ,  -   ,  -   ,  -   ,  -   ,  -   ,  -   ,35.3287927,32.7913922,"  35,934 ","  22,818 ","  85,477 "
  בית ג'ן  ישראל,  74 ,  -   ,  -   ,  -   ,  -   ,  -   ,  -   ,  -   ,  -   ,35.381268,32.965655,"  35,934 ","  22,818 ","  85,477 "
  ג'וליס  ישראל,  78 ,  -   ,  -   ,  -   ,  -   ,  -   ,  -   ,  -   ,  -   ,35.184243,32.94498,"  35,934 ","  22,818 ","  85,477 "
  דבוריה  ישראל,  80 ,  -   ,  -   ,  -   ,  -   ,  -   ,  -   ,  -   ,  -   ,35.368513,32.69412,"  35,934 ","  22,818 ","  85,477 "
  זרזיר  ישראל,  90 ,  -   ,  -   ,  -   ,  -   ,  -   ,  -   ,  -   ,  -   ,35.220436,32.723291,"  35,934 ","  22,818 ","  85,477 "
  טובא-זנגריה  ישראל,  94 ,  -   ,  -   ,  -   ,  -   ,  -   ,  -   ,  -   ,  -   ,35.592018,32.96621,"  35,934 ","  22,818 ","  85,477 "
  ירכא  ישראל
  כעביה - טבאש - חג'אג'רה  ישראל,  106 ,  -   ,  -   ,  -   ,  -   ,  -   ,  -   ,  -   ,  -   ,35.184,32.750389,"  35,934 ","  22,818 ","  85,477 "
  מעיליא  ישראל,  134 ,  -   ,  -   ,  -   ,  -   ,  -   ,  -   ,  -   ,  -   ,35.256304,33.027194,"  35,934 ","  22,818 ","  85,477 "
  סאג'ור  ישראל,  157 ,  -   ,  -   ,  -   ,  -   ,  -   ,  -   ,  -   ,  -   ,35.343616,32.943109,"  35,934 ","  22,818 ","  85,477 "
  ר'ג'ר  ישראל
  עילוט  ישראל,  161 ,  -   ,  -   ,  -   ,  -   ,  -   ,  -   ,  -   ,  -   ,35.261482,32.717249,"  35,934 ","  22,818 ","  85,477 "
  עין מאהל  ישראל,  162 ,  -   ,  -   ,  -   ,  -   ,  -   ,  -   ,  -   ,  -   ,35.353369,32.724295,"  35,934 ","  22,818 ","  85,477 "
  עין קיניה  ישראל,  163 ,  -   ,  -   ,  -   ,  -   ,  -   ,  -   ,  -   ,  -   ,35.149726,31.927899,"  35,934 ","  22,818 ","  85,477 "
  שבלי - אום אל-ר'נם  ישראל,  184 ,  -   ,  -   ,  -   ,  -   ,  -   ,  -   ,  -   ,  -   ,35.396231,32.694081,"  35,934 ","  22,818 ","  85,477 "
  בענה  ישראל,  281 ,  -   ,  -   ,  -   ,  -   ,  -   ,  -   ,  -   ,  -   ,35.27191699999999,32.929538,"  35,934 ","  22,818 ","  85,477 "
"  בסמ""ה  ישראל",  297 ,  -   ,  -   ,  -   ,  -   ,  -   ,  -   ,  -   ,  -   ,35.103199,32.52940100000001,"  35,934 ","  22,818 ","  85,477 "
  אלונה  ישראל,  300 ,  -   ,  -   ,  -   ,  -   ,  -   ,  -   ,  -   ,  -   ,35.0222946,32.5569681,"  35,934 ","  22,818 ","  85,477 "
  קרית יערים  ישראל,  350 ,  -   ,  -   ,  -   ,  -   ,  -   ,  -   ,  -   ,  -   ,35.099945,31.802774,"  35,934 ","  22,818 ","  85,477 "
  אליכין  ישראל,  403 ,  -   ,  -   ,  -   ,  -   ,  -   ,  -   ,  -   ,  -   ,34.925028,32.407659,"  35,934 ","  22,818 ","  85,477 "
"  בני עי""ש  ישראל",  416 ,  -   ,  -   ,  -   ,  -   ,  -   ,  -   ,  -   ,  -   ,34.759291,31.790235,"  35,934 ","  22,818 ","  85,477 "
  כסייפה  ישראל,  422 ,  -   ,  -   ,  -   ,  -   ,  -   ,  -   ,  -   ,  -   ,35.083681,31.249246,,,
